Name,Head,Background,Rarity
0,Teaser,Luna,Silver
1,Teaser,Vand,Silver
2,Teaser,Vand,Silver
3,Teaser,Vand,Silver
4,Teaser,Vand,Silver
5,Teaser,Vand,Silver
6,Teaser,Vand,Silver
7,Teaser,Vand,Silver
8,Teaser,Vand,Silver
9,Teaser,Vand,Silver
10,Teaser,Vand,Silver
11,Teaser,Vand,Silver
12,Teaser,Vand,Silver
13,Teaser,Vand,Silver
14,Teaser,Vand,Silver
15,Teaser,Vand,Silver
16,Teaser,Vand,Silver
17,Teaser,Vand,Silver
18,Teaser,Vand,Silver
19,Teaser,Vand,Silver
20,Teaser,Vand,Silver
21,Teaser,Vand,Silver
22,Teaser,Vand,Silver
23,Teaser,Vand,Silver
24,Teaser,Vand,Silver
25,Teaser,Vand,Silver
26,Teaser,Vand,Silver
27,Teaser,Vand,Silver
28,Teaser,Vand,Silver
29,Teaser,Vand,Silver
30,Teaser,Vand,Silver
31,Teaser,Vand,Silver
32,Teaser,Vand,Silver
33,Teaser,Vand,Silver
34,Teaser,Vand,Silver
35,Teaser,Vand,Silver
36,Teaser,Vand,Silver
37,Teaser,Vand,Silver
38,Teaser,Vand,Silver
39,Teaser,Vand,Silver
40,Teaser,Vand,Silver
41,Teaser,Vand,Silver
42,Teaser,Vand,Silver
43,Teaser,Vand,Silver
44,Teaser,Vand,Silver
45,Teaser,Vand,Silver
46,Teaser,Vand,Silver
47,Teaser,Vand,Silver
48,Teaser,Vand,Silver
49,Teaser,Vand,Silver
50,Teaser,Vand,Silver
51,Teaser,Vand,Silver
52,Teaser,Vand,Silver
53,Teaser,Vand,Silver
54,Teaser,Vand,Silver
55,Teaser,Vand,Silver
56,Teaser,Vand,Silver
57,Teaser,Vand,Silver
58,Teaser,Vand,Silver
59,Teaser,Vand,Silver
60,Teaser,Vand,Silver
61,Teaser,Vand,Silver
62,Teaser,Vand,Silver
63,Teaser,Vand,Silver
64,Teaser,Vand,Silver
65,Teaser,Vand,Silver
66,Teaser,Vand,Silver
67,Teaser,Vand,Silver
68,Teaser,Vand,Silver
69,Teaser,Vand,Silver
70,Teaser,Vand,Silver
71,Teaser,Vand,Silver
72,Teaser,Vand,Silver
73,Teaser,Vand,Silver
74,Teaser,Vand,Silver
75,Teaser,Vand,Silver
76,Teaser,Vand,Silver
77,Teaser,Vand,Silver
78,Teaser,Vand,Silver
79,Teaser,Vand,Silver
80,Teaser,Vand,Silver
81,Teaser,Vand,Silver
82,Teaser,Vand,Silver
83,Teaser,Vand,Silver
84,Teaser,Vand,Silver
85,Teaser,Vand,Silver
86,Teaser,Vand,Silver
87,Teaser,Vand,Silver
88,Teaser,Vand,Silver
89,Teaser,Vand,Silver
90,Teaser,Vand,Silver
91,Teaser,Vand,Silver
92,Teaser,Vand,Silver
93,Teaser,Vand,Silver
94,Teaser,Vand,Silver
95,Teaser,Vand,Silver
96,Teaser,Vand,Silver
97,Teaser,Vand,Silver
98,Teaser,Vand,Silver
99,Teaser,Vand,Silver
100,Teaser,Vand,Silver
101,Teaser,Vand,Silver
102,Teaser,Vand,Silver
103,Teaser,Vand,Silver
104,Teaser,Vand,Silver
105,Teaser,Vand,Silver
106,Teaser,Vand,Silver
107,Teaser,Vand,Silver
108,Teaser,Vand,Silver
109,Teaser,Vand,Silver
110,Teaser,Vand,Silver
111,Teaser,Vand,Silver
112,Teaser,Vand,Silver
113,Teaser,Vand,Silver
114,Teaser,Vand,Silver
115,Teaser,Vand,Silver
116,Teaser,Vand,Silver
117,Teaser,Vand,Silver
118,Teaser,Vand,Silver
119,Teaser,Vand,Silver
120,Teaser,Vand,Silver
121,Teaser,Vand,Silver
122,Teaser,Vand,Silver
123,Teaser,Vand,Silver
124,Teaser,Vand,Silver
125,Teaser,Vand,Silver
126,Teaser,Vand,Silver
127,Teaser,Vand,Silver
128,Teaser,Vand,Silver
129,Teaser,Vand,Silver
130,Teaser,Vand,Silver
131,Teaser,Vand,Silver
132,Teaser,Vand,Silver
133,Teaser,Vand,Silver
134,Teaser,Vand,Silver
135,Teaser,Vand,Silver
136,Teaser,Vand,Silver
137,Teaser,Vand,Silver
138,Teaser,Vand,Silver
139,Teaser,Vand,Silver
140,Teaser,Vand,Silver
141,Teaser,Vand,Silver
142,Teaser,Vand,Silver
143,Teaser,Vand,Silver
144,Teaser,Vand,Silver
145,Teaser,Vand,Silver
146,Teaser,Vand,Silver
147,Teaser,Vand,Silver
148,Teaser,Vand,Silver
149,Teaser,Vand,Silver
150,Teaser,Vand,Silver
151,Teaser,Vand,Silver
152,Teaser,Vand,Silver
153,Teaser,Vand,Silver
154,Teaser,Vand,Silver
155,Teaser,Vand,Silver
156,Teaser,Vand,Silver
157,Teaser,Vand,Silver
158,Teaser,Vand,Silver
159,Teaser,Vand,Silver
160,Teaser,Vand,Silver
161,Teaser,Vand,Silver
162,Teaser,Vand,Silver
163,Teaser,Vand,Silver
164,Teaser,Vand,Silver
165,Teaser,Vand,Silver
166,Teaser,Vand,Silver
167,Teaser,Vand,Silver
168,Teaser,Vand,Silver
169,Teaser,Vand,Silver
170,Teaser,Vand,Silver
171,Teaser,Vand,Silver
172,Teaser,Vand,Silver
173,Teaser,Vand,Silver
174,Teaser,Vand,Silver
175,Teaser,Vand,Silver
176,Teaser,Vand,Silver
177,Teaser,Vand,Silver
178,Teaser,Vand,Silver
179,Teaser,Vand,Silver
180,Teaser,Vand,Silver
181,Teaser,Vand,Silver
182,Teaser,Vand,Silver
183,Teaser,Vand,Silver
184,Teaser,Vand,Silver
185,Teaser,Vand,Silver
186,Teaser,Vand,Silver
187,Teaser,Vand,Silver
188,Teaser,Vand,Silver
189,Teaser,Vand,Silver
190,Teaser,Vand,Silver
191,Teaser,Vand,Silver
192,Teaser,Vand,Silver
193,Teaser,Vand,Silver
194,Teaser,Vand,Silver
195,Teaser,Vand,Silver
196,Teaser,Vand,Silver
197,Teaser,Vand,Silver
198,Teaser,Vand,Silver
199,Teaser,Vand,Silver
200,Teaser,Vand,Silver
201,Teaser,Vand,Silver
202,Teaser,Vand,Silver
203,Teaser,Vand,Silver
204,Teaser,Vand,Silver
205,Teaser,Vand,Silver
206,Teaser,Vand,Silver
207,Teaser,Vand,Silver
208,Teaser,Vand,Silver
209,Teaser,Vand,Silver
210,Teaser,Vand,Silver
211,Teaser,Vand,Silver
212,Teaser,Vand,Silver
213,Teaser,Vand,Silver
214,Teaser,Vand,Silver
215,Teaser,Vand,Silver
216,Teaser,Vand,Silver
217,Teaser,Vand,Silver
218,Teaser,Vand,Silver
219,Teaser,Vand,Silver
220,Teaser,Vand,Silver
221,Teaser,Vand,Silver
222,Teaser,Vand,Silver
223,Teaser,Vand,Silver
224,Teaser,Vand,Silver
225,Teaser,Vand,Silver
226,Teaser,Vand,Silver
227,Teaser,Vand,Silver
228,Teaser,Vand,Silver
229,Teaser,Vand,Silver
230,Teaser,Vand,Silver
231,Teaser,Vand,Silver
232,Teaser,Vand,Silver
233,Teaser,Vand,Silver
234,Teaser,Vand,Silver
235,Teaser,Vand,Silver
236,Teaser,Vand,Silver
237,Teaser,Vand,Silver
238,Teaser,Vand,Silver
239,Teaser,Vand,Silver
240,Teaser,Vand,Silver
241,Teaser,Vand,Silver
242,Teaser,Vand,Silver
243,Teaser,Vand,Silver
244,Teaser,Vand,Silver
245,Teaser,Vand,Silver
246,Teaser,Vand,Silver
247,Teaser,Vand,Silver
248,Teaser,Vand,Silver
249,Teaser,Vand,Silver
250,Teaser,Vand,Silver
251,Teaser,Vand,Silver
252,Teaser,Vand,Silver
253,Teaser,Vand,Silver
254,Teaser,Vand,Silver
255,Teaser,Vand,Silver
256,Teaser,Vand,Silver
257,Teaser,Vand,Silver
258,Teaser,Vand,Silver
259,Teaser,Vand,Silver
260,Teaser,Vand,Silver
261,Teaser,Vand,Silver
262,Teaser,Vand,Silver
263,Teaser,Vand,Silver
264,Teaser,Vand,Silver
265,Teaser,Vand,Silver
266,Teaser,Vand,Silver
267,Teaser,Vand,Silver
268,Teaser,Vand,Silver
269,Teaser,Vand,Silver
270,Teaser,Vand,Silver
271,Teaser,Vand,Silver
272,Teaser,Vand,Silver
273,Teaser,Vand,Silver
274,Teaser,Vand,Silver
275,Teaser,Vand,Silver
276,Teaser,Vand,Silver
277,Teaser,Vand,Silver
278,Teaser,Vand,Silver
279,Teaser,Vand,Silver
280,Teaser,Vand,Silver
281,Teaser,Vand,Silver
282,Teaser,Vand,Silver
283,Teaser,Vand,Silver
284,Teaser,Vand,Silver
285,Teaser,Vand,Silver
286,Teaser,Vand,Silver
287,Teaser,Vand,Silver
288,Teaser,Vand,Silver
289,Teaser,Vand,Silver
290,Teaser,Vand,Silver
291,Teaser,Vand,Silver
292,Teaser,Vand,Silver
293,Teaser,Vand,Silver
294,Teaser,Vand,Silver
295,Teaser,Vand,Silver
296,Teaser,Vand,Silver
297,Teaser,Vand,Silver
298,Teaser,Vand,Silver
299,Teaser,Vand,Silver
300,Teaser,Vand,Silver
301,Teaser,Vand,Silver
302,Teaser,Vand,Silver
303,Teaser,Vand,Silver
304,Teaser,Vand,Silver
305,Teaser,Vand,Silver
306,Teaser,Vand,Silver
307,Teaser,Vand,Silver
308,Teaser,Vand,Silver
309,Teaser,Vand,Silver
310,Teaser,Vand,Silver
311,Teaser,Vand,Silver
312,Teaser,Vand,Silver
313,Teaser,Vand,Silver
314,Teaser,Vand,Silver
315,Teaser,Vand,Silver
316,Teaser,Vand,Silver
317,Teaser,Vand,Silver
318,Teaser,Vand,Silver
319,Teaser,Vand,Silver
320,Teaser,Vand,Silver
321,Teaser,Vand,Silver
322,Teaser,Vand,Silver
323,Teaser,Vand,Silver
324,Teaser,Vand,Silver
325,Teaser,Vand,Silver
326,Teaser,Vand,Silver
327,Teaser,Vand,Silver
328,Teaser,Vand,Silver
329,Teaser,Vand,Silver
330,Teaser,Vand,Silver
331,Teaser,Vand,Silver
332,Teaser,Vand,Silver
333,Teaser,Vand,Silver
334,Teaser,Vand,Silver
335,Teaser,Vand,Silver
336,Teaser,Vand,Silver
337,Teaser,Vand,Silver
338,Teaser,Vand,Silver
339,Teaser,Vand,Silver
340,Teaser,Vand,Silver
341,Teaser,Vand,Silver
342,Teaser,Vand,Silver
343,Teaser,Vand,Silver
344,Teaser,Vand,Silver
345,Teaser,Vand,Silver
346,Teaser,Vand,Silver
347,Teaser,Vand,Silver
348,Teaser,Vand,Silver
349,Teaser,Vand,Silver
350,Teaser,Vand,Silver
351,Teaser,Vand,Silver
352,Teaser,Vand,Silver
353,Teaser,Vand,Silver
354,Teaser,Vand,Silver
355,Teaser,Vand,Silver
356,Teaser,Vand,Silver
357,Teaser,Vand,Silver
358,Teaser,Vand,Silver
359,Teaser,Vand,Silver
360,Teaser,Vand,Silver
361,Teaser,Vand,Silver
362,Teaser,Vand,Silver
363,Teaser,Vand,Silver
364,Teaser,Vand,Silver
365,Teaser,Vand,Silver
366,Teaser,Vand,Silver
367,Teaser,Vand,Silver
368,Teaser,Vand,Silver
369,Teaser,Vand,Silver
370,Teaser,Vand,Silver
371,Teaser,Vand,Silver
372,Teaser,Vand,Silver
373,Teaser,Vand,Silver
374,Teaser,Vand,Silver
375,Teaser,Vand,Silver
376,Teaser,Vand,Silver
377,Teaser,Vand,Silver
378,Teaser,Vand,Silver
379,Teaser,Vand,Silver
380,Teaser,Vand,Silver
381,Teaser,Vand,Silver
382,Teaser,Vand,Silver
383,Teaser,Vand,Silver
384,Teaser,Vand,Silver
385,Teaser,Vand,Silver
386,Teaser,Vand,Silver
387,Teaser,Vand,Silver
388,Teaser,Vand,Silver
389,Teaser,Vand,Silver
390,Teaser,Vand,Silver
391,Teaser,Vand,Silver
392,Teaser,Vand,Silver
393,Teaser,Vand,Silver
394,Teaser,Vand,Silver
395,Teaser,Vand,Silver
396,Teaser,Vand,Silver
397,Teaser,Vand,Silver
398,Teaser,Vand,Silver
399,Teaser,Vand,Silver
400,Teaser,Vand,Silver
401,Teaser,Vand,Silver
402,Teaser,Vand,Silver
403,Teaser,Vand,Silver
404,Teaser,Vand,Silver
405,Teaser,Vand,Silver
406,Teaser,Vand,Silver
407,Teaser,Vand,Silver
408,Teaser,Vand,Silver
409,Teaser,Vand,Silver
410,Teaser,Vand,Silver
411,Teaser,Vand,Silver
412,Teaser,Vand,Silver
413,Teaser,Vand,Silver
414,Teaser,Vand,Silver
415,Teaser,Vand,Silver
416,Teaser,Vand,Silver
417,Teaser,Vand,Silver
418,Teaser,Vand,Silver
419,Teaser,Vand,Silver
420,Teaser,Vand,Silver
421,Teaser,Vand,Silver
422,Teaser,Vand,Silver
423,Teaser,Vand,Silver
424,Teaser,Vand,Silver
425,Teaser,Vand,Silver
426,Teaser,Vand,Silver
427,Teaser,Vand,Silver
428,Teaser,Vand,Silver
429,Teaser,Vand,Silver
430,Teaser,Vand,Silver
431,Teaser,Vand,Silver
432,Teaser,Vand,Silver
433,Teaser,Vand,Silver
434,Teaser,Vand,Silver
435,Teaser,Vand,Silver
436,Teaser,Vand,Silver
437,Teaser,Vand,Silver
438,Teaser,Vand,Silver
439,Teaser,Vand,Silver
440,Teaser,Vand,Silver
441,Teaser,Vand,Silver
442,Teaser,Vand,Silver
443,Teaser,Vand,Silver
444,Teaser,Vand,Silver
445,Teaser,Vand,Silver
446,Teaser,Vand,Silver
447,Teaser,Vand,Silver
448,Teaser,Vand,Silver
449,Teaser,Vand,Silver
450,Teaser,Vand,Silver
451,Teaser,Vand,Silver
452,Teaser,Vand,Silver
453,Teaser,Vand,Silver
454,Teaser,Vand,Silver
455,Teaser,Vand,Silver
456,Teaser,Vand,Silver
457,Teaser,Vand,Silver
458,Teaser,Vand,Silver
459,Teaser,Vand,Silver
460,Teaser,Vand,Silver
461,Teaser,Vand,Silver
462,Teaser,Vand,Silver
463,Teaser,Vand,Silver
464,Teaser,Vand,Silver
465,Teaser,Vand,Silver
466,Teaser,Vand,Silver
467,Teaser,Vand,Silver
